comment,rating_star
"Cháº¥t lÆ°á»£ng sáº£n pháº©m:Tá»‘t
ÄÃºng vá»›i mÃ´ táº£:chÃ­nh xÃ¡c
TÃ­nh nÄƒng ná»•i báº­t:á»•n

Giao hÃ ng nhanh, sáº£n pháº©m chÃ­nh hÃ£ng, cáº£m Æ¡n voucher Shopee vÃ  MinhTuan Mobile.",5
"SÄƒn deal giÃ¡ siÃªu tá»‘t luÃ´n áº¡! Giao nhanh, há»— trá»£ táº­n tÃ¬nh! ÄÃ³ng gÃ³i cáº©n tháº­n! Tin tÆ°á»Ÿng Ä‘Ã¡ng mua hÃ ng chÃ­nh hÃ£ng áº¡! Ráº» hÆ¡n giÃ¡ shop 2-3 tr áº¡! Sáº½ á»§ng há»™ tiáº¿p !",5
"Do Ä‘áº·t á»Ÿ HN, Shop á»Ÿ HCM nÃªn ship lÃªn HN máº¥t 3 ngÃ y   nhÆ°ng sÄƒn Ä‘c Sale siÃªu ráº» cá»§a shop vá»›i giÃ¡ 31.690 thÃ¬ nhÆ° váº­y lÃ  khÃ¡ tá»‘t so vá»›i giÃ¡ mua táº¡i cÃ¡c Shop trÃªn Hn rá»“i. Shop há»“i Ä‘Ã¡p vÃ  Há»— trá»£ nhiá»‡t tÃ¬nh",5
"TÃ­nh nÄƒng ná»•i báº­t:cáº§m cháº¯c tay. Nháº¹ nhÃ ng hÆ¡n con 14 prm mÃ¬nh Ä‘ang dÃ¹ng
Cháº¥t lÆ°á»£ng sáº£n pháº©m:chÃ­nh hÃ£ng xá»‹n xÃ²
ÄÃºng vá»›i mÃ´ táº£:Ä‘Ãºng mÃ´ táº£

Láº§n Ä‘áº§u mua hÃ ng giÃ¡ trá»‹ cao trÃªn máº¡ng. K lÃ m mÃ¬nh tháº¥t vá»ng. CÃ³ tiá»n mÃ¬nh sáº½ nua uá»•ng há»™ tiáº¿p kkkk",5
"TÃ­nh nÄƒng ná»•i báº­t:MÃ n hÃ¬nh Super Retina XDR OLED 6.9 inch, lá»›n nháº¥t trong dÃ²ng iPhone, mang Ä‘áº¿n tráº£i nghiá»‡m hÃ¬nh áº£nh sá»‘ng Ä‘á»™ng, mÃ u sáº¯c chÃ¢n thá»±c vÃ  Ä‘á»™ sÃ¡ng cao.
ÄÃºng vá»›i mÃ´ táº£:Táº§n sá»‘ quÃ©t cao, cho hÃ¬nh áº£nh mÆ°á»£t mÃ  khi cuá»™n trang, chÆ¡i game. Chip Apple A18 Pro máº¡nh máº½, Ä‘áº£m báº£o má»i tÃ¡c vá»¥ diá»…n ra mÆ°á»£t mÃ , ká»ƒ cáº£ nhá»¯ng á»©ng dá»¥ng náº·ng.
Cháº¥t lÆ°á»£ng sáº£n pháº©m:Bá»™ nhá»› trong 256GB, thoáº£i mÃ¡i lÆ°u trá»¯ hÃ¬nh áº£nh, video, á»©ng dá»¥ng.

Camera trÆ°á»›c 12MP, chá»¥p áº£nh selfie cháº¥t lÆ°á»£ng cao.",5
"HÃ ng cháº¥t lÆ°á»£ng tá»« cÃ¡i nhÃ¬n Ä‘áº§u tiÃªn, máº«u mÃ£ Ä‘áº¹p vÃ  Ä‘Ãºng vá»›i cháº¥t lÆ°á»£ng cá»§a nÃ³ , cÃ¡m Æ¡n shopee Ä‘Ã£ há»• trá»£ nhanh ! CÃ¡m Æ¡n shop Minh Tuáº¥n nhiá»u nhÃ©",5
"Cháº¥t lÆ°á»£ng sáº£n pháº©m:tá»‘t
TÃ­nh nÄƒng ná»•i báº­t:nghe gá»i
ÄÃºng vá»›i mÃ´ táº£:Ä‘Ãºng

Shop mall kh cÃ³ gid Ä‘á»ƒ chÃª, chá»‰ cáº§n cáº£i thiá»‡n chÃºt khÃ¢u giaoo hÃ ng lÃ  á»•n shop Ä‘Ã³ng hÃ ng cáº©n tháº­n cá»±c ká»³ yÃªn tÃ¢m khi Ä‘i Ä‘Æ°á»ng xa cho shop 5 sao á»§ng há»™ tinh tháº§n",5
Giao hÃ ng Ä‘Ãºng háº¹n. Má»i thá»© Ä‘á»u tá»‘t Ä‘áº¹p ğŸ¤© sÄƒn sale giÃ¡ ráº» hÆ¡n nhiá»u chá»‰ 31.690 mÃ u sa máº¡cğŸ‘…. HÃ ng chuáº©n chÃ­nh hÃ£ng,5
"ÄÃºng vá»›i mÃ´ táº£:Ä‘ung

Ät Ä‘áº¹p giÃ¡ tá»‘t. Mn nÃªn mua. Barcelona, Ä‘á»™i bÃ³ng tá»«ng khiáº¿n cáº£ La Liga run sá»£ vá»›i chiáº¿n tháº¯ng 4-0 trÆ°á»›c Real Madrid ngay táº¡i Bernabeu vÃ o cuá»‘i thÃ¡ng 10, giá» Ä‘Ã¢y Ä‘á»‘i máº·t vá»›i nhá»¯ng khÃ³ khÄƒn chÆ°a tá»«ng cÃ³.",5
"Má»™t chiáº¿c iPhone tá»‘t lÃ  lá»±a chá»n hoÃ n háº£o náº¿u báº¡n Æ°u tiÃªn:
	â€¢	Tráº£i nghiá»‡m á»•n Ä‘á»‹nh, mÆ°á»£t mÃ  lÃ¢u dÃ i
	â€¢	Há»‡ sinh thÃ¡i thÃ´ng minh
	â€¢	Chá»¥p áº£nh quay phim cháº¥t lÆ°á»£ng cao
	â€¢	Thiáº¿t káº¿ sang, dÃ¹ng bá»n",5
